Manufacture,Device Model,Released Date,Released OS,Current Supported OS,Reference Source,Android One
Samsung,Galaxy S10 5G,2019/04,Android 9.0 (Pie),Android 9.0 (Pie),https://www.gsmarena.com/samsung_galaxy_s10_5g-9588.php,0
Samsung,Galaxy S10+,2019/03,Android 9.0 (Pie),Android 9.0 (Pie),https://www.gsmarena.com/samsung_galaxy_s10+-9535.php,0
Samsung,Galaxy S10e,2019/03,Android 9.0 (Pie),Android 9.0 (Pie),https://www.gsmarena.com/samsung_galaxy_s10e-9537.php,0
Samsung,Galaxy S10,2019/03,Android 9.0 (Pie),Android 9.0 (Pie),https://www.gsmarena.com/samsung_galaxy_s10-9536.php,0
Samsung,Galaxy S9+,2018/03,Android 8.0 (Oreo),Android 9.0 (Pie),https://www.gsmarena.com/samsung_galaxy_s9+-8967.php,0
Samsung,Galaxy S9,2018/03,Android 8.0 (Oreo),Android 9.0 (Pie),https://www.gsmarena.com/samsung_galaxy_s9-8966.php,0
Huawei,P30 Pro,2019/03,Android 9.0 (Pie),Android 9.0 (Pie),https://www.gsmarena.com/huawei_p30_pro-9635.php,0
Huawei,P30,2019/03,Android 9.0 (Pie),Android 9.0 (Pie),https://www.gsmarena.com/huawei_p30-9530.php,0
Huawei,P30 lite,2019/04,Android 9.0 (Pie),Android 9.0 (Pie),https://www.gsmarena.com/huawei_p30_lite-9545.php,0
Huawei,nova 4e,2019/03,Android 9.0 (Pie),Android 9.0 (Pie),https://www.gsmarena.com/huawei_nova_4e-9627.php,0
Huawei,Y5 (2019),2019/05,Android 9.0 (Pie),Android 9.0 (Pie),https://www.gsmarena.com/huawei_y5_(2019)-9675.php,0
Huawei,Enjoy 9e,2019/04,Android 9.0 (Pie),Android 9.0 (Pie),https://www.gsmarena.com/huawei_enjoy_9e-9645.php,0
LG,G8 ThinQ,2019/04,Android 9.0 (Pie),Android 9.0 (Pie),https://www.gsmarena.com/lg_g8_thinq-9540.php,0
LG,V40 ThinQ,2018/10,Android 8.1 (Oreo),Android 8.1 (Oreo),https://www.gsmarena.com/lg_v40_thinq-9300.php,0
LG,Tribute Empire,2019/01,Android 8.1 (Oreo),Android 8.1 (Oreo),https://www.gsmarena.com/lg_tribute_empire-9544.php,0
LG,Candy,2018/09,Android 7.1.2 (Nougat),Android 7.1.2 (Nougat),https://www.gsmarena.com/lg_candy-9309.php,0
LG,G7 Fit,2018/11,Android 8.1 (Oreo),Android 8.1 (Oreo),https://www.gsmarena.com/lg_g7_fit-9305.php,0
LG,G7 One,2018/10,Android 8.1 (Oreo),Android 9.0 (Pie),https://www.gsmarena.com/lg_g7_one-9304.php,1
LG,Q8,2018/10,Android 8.1 (Oreo),Android 8.1 (Oreo),https://www.gsmarena.com/lg_q8-9285.php,0
LG,K11 Plus,2018/07,Android 7.1.2 (Nougat),Android 7.1.2 (Nougat),https://www.gsmarena.com/lg_k11_plus-9278.php,0
Vivo,Y17,2019/04,Android 9.0 (Pie),Android 9.0 (Pie),https://www.gsmarena.com/vivo_y17-9666.php,0
Vivo,X27 Pro,2019/04,Android 9.0 (Pie),Android 9.0 (Pie),https://www.gsmarena.com/vivo_x27_pro-9660.php,0
Vivo,S1,2019/04,Android 9.0 (Pie),Android 9.0 (Pie),https://www.gsmarena.com/vivo_s1-9649.php,0
Vivo,X27,2019/03,Android 9.0 (Pie),Android 9.0 (Pie),https://www.gsmarena.com/vivo_x27-9629.php,0
Vivo,V15,2019/03,Android 9.0 (Pie),Android 9.0 (Pie),https://www.gsmarena.com/vivo_v15-9614.php,0
Vivo,iQOO,2019/03,Android 9.0 (Pie),Android 9.0 (Pie),https://www.gsmarena.com/vivo_iqoo-9613.php,0
Vivo,V15 Pro,2019/03,Android 9.0 (Pie),Android 9.0 (Pie),https://www.gsmarena.com/vivo_v15_pro-9553.php,0
Vivo,Y89,2019/01,Android 8.1 (Oreo),Android 8.1 (Oreo),https://www.gsmarena.com/vivo_y89-9526.php,0
Asus,Zenfone Max Plus (M2) ZB634KL,2019/03,Android 8.0 (Oreo),Android 8.0 (Oreo),https://www.gsmarena.com/asus_zenfone_max_plus_(m2)_zb634kl-9634.php,0
Asus,Zenfone Max Shot ZB634KL,2019/03,Android 8.0 (Oreo),Android 8.0 (Oreo),https://www.gsmarena.com/asus_zenfone_max_shot_zb634kl-9633.php,0
Asus,Zenfone Max Pro (M2) ZB631KL,2018/12,Android 8.1 (Oreo),Android 9.0 (Pie),https://www.gsmarena.com/asus_zenfone_max_pro_(m2)_zb631kl-9410.php,0
Asus,Zenfone Max (M2) ZB633KL,2018/12,Android 8.1 (Oreo),Android 9.0 (Pie),https://www.gsmarena.com/asus_zenfone_max_(m2)_zb633kl-9437.php,0
Asus,Zenfone Max (M1) ZB556KL,2018/10,Android 8 (Oreo),Android 8 (Oreo),https://www.gsmarena.com/asus_zenfone_max_(m1)_zb556kl-9373.php,0
Asus,ZenFone Lite (L1) ZA551KL,2018/10,Android 8 (Oreo),Android 8 (Oreo),https://www.gsmarena.com/asus_zenfone_lite_(l1)_za551kl-9372.php,0
Lenovo,K6 Enjoy,2019/04,Android 9.0 (Pie),Android 9.0 (Pie),https://www.gsmarena.com/lenovo_k6_enjoy-9655.php,0
Lenovo,Tab V7,2019/04,Android 9.0 (Pie),Android 9.0 (Pie),https://www.gsmarena.com/lenovo_tab_v7-9609.php,0
Lenovo,S5 Pro GT,2018/12,Android 8.1 (Oreo),Android 8.1 (Oreo),https://www.gsmarena.com/lenovo_s5_pro_gt-9490.php,0
Lenovo,Z5s,2018/12,Android 9.0 (Pie),Android 9.0 (Pie),https://www.gsmarena.com/lenovo_z5s-9436.php,0
Lenovo,Z5 Pro GT,2019/01,Android 8.1 (Oreo),Android 8.1 (Oreo),https://www.gsmarena.com/lenovo_z5_pro_gt-9489.php,0
Lenovo,Z5 Pro,2018/11,Android 8.1 (Oreo),Android 8.1 (Oreo),https://www.gsmarena.com/lenovo_z5_pro-9349.php,0
Lenovo,K5 Pro,2018/10,Android 8.1 (Oreo),Android 8.1 (Oreo),https://www.gsmarena.com/lenovo_k5_pro-9374.php,0
Motorola,Moto G7 Plus,2019/03,Android 9.0 (Pie),Android 9.0 (Pie),https://www.gsmarena.com/motorola_moto_g7_plus-9533.php,0
Motorola,Moto G7,2019/03,Android 9.0 (Pie),Android 9.0 (Pie),https://www.gsmarena.com/motorola_moto_g7-9357.php,0
Motorola,Moto G7 Power,2019/02,Android 9.0 (Pie),Android 9.0 (Pie),https://www.gsmarena.com/motorola_moto_g7_power-9527.php,0
Motorola,Moto G7 Play,2019/03,Android 9.0 (Pie),Android 9.0 (Pie),https://www.gsmarena.com/motorola_moto_g7_play-9532.php,0
Motorola,Moto Z(3),2018/08,Android 8.1 (Oreo),Android 9.0 (Pie),https://www.gsmarena.com/motorola_moto_z3-9283.php,0
Motorola,Moto Z3 Play,2018/06,Android 8.1 (Oreo),Android 9.0 (Pie),https://www.gsmarena.com/motorola_moto_z3_play-9003.php,0
Motorola,Moto E5 Cruise,2018/07,Android 8.0 (Oreo),Android 8.0 (Oreo),https://www.gsmarena.com/motorola_moto_e5_cruise-9575.php,0
Motorola,Moto E5 Play Go,2018/08,Android 8.0 (Oreo),Android 8.0 (Oreo),https://www.gsmarena.com/motorola_moto_e5_play_go-9270.php,0
Google,Pixel 3 XL,2018/11,Android 9.0 (Pie),Android 9.0 (Pie),https://www.gsmarena.com/google_pixel_3_xl-9257.php,0
Google,Pixel 3,2018/11,Android 9.0 (Pie),Android 9.0 (Pie),https://www.gsmarena.com/google_pixel_3-9256.php,0
Google,Pixel 2 XL,2017/10,Android 8.0 (Oreo),Android 9.0 (Pie),https://www.gsmarena.com/google_pixel_2_xl-8720.php,0
Google,Pixel 2,2017/10,Android 8.0 (Oreo),Android 9.0 (Pie),https://www.gsmarena.com/google_pixel_2-8733.php,0
Xiaomi,Xiaomi Mi 1,2011/12,Android 2.3.7 (Gingerbread),Android 4.0 (Ice Cream Sandwich),https://en.wikipedia.org/wiki/List_of_Android_smartphones#cite_note-106,0
Xiaomi,Xiaomi Mi 2,2012/10,Android 4.1 (Jelly Bean),Android 4.4.4 (KitKat),https://en.wikipedia.org/wiki/List_of_Android_smartphones#cite_note-107,0
Xiaomi,Xiaomi Mi 2S,2012/10,Android 4.3.1 (Jelly Bean),Android 4.4.4 (KitKat),https://en.wikipedia.org/wiki/List_of_Android_smartphones#cite_note-108,0
Sony Mobile,Sony Xperia XZ1,2017/08,Android 8.0 (Oreo),Android 9.0 (Pie),https://en.wikipedia.org/wiki/List_of_Android_smartphones#cite_note-103,0
Sony Mobile,Sony Xperia Z,2013/02,Android 4.3.1 (Jelly Bean),Android 5.1.1 (Lollipop),https://en.wikipedia.org/wiki/List_of_Android_smartphones#cite_note-104,0
Sony Mobile,Sony Xperia Z1,2013/09,Android 4.3.1 (Jelly Bean),Android 5.1 (Lollipop),https://en.wikipedia.org/wiki/List_of_Android_smartphones#cite_note-105,0
Sony Ericsson,Sony Ericsson Xperia Play,2011/04,Android 2.3.4 (Gingerbread),Android 2.3.4 (Gingerbread),https://en.wikipedia.org/wiki/List_of_Android_smartphones#cite_note-99,0
Sony Ericsson,Sony Ericsson Xperia pro,2011/10,Android 2.3 (Gingerbread),Android 4.0 (Ice Cream Sandwich),https://en.wikipedia.org/wiki/List_of_Android_smartphones#cite_note-100,0
Sony Ericsson,Sony Ericsson Xperia X10,2010/03,Android 1.6 (Donut),Android 2.3 (Gingerbread),https://en.wikipedia.org/wiki/List_of_Android_smartphones#cite_note-101,0
Sony Ericsson,Sony Ericsson Xperia X8,2010/06,Android 1.6 (Donut),Android 2.1 (Eclair),https://en.wikipedia.org/wiki/List_of_Android_smartphones#cite_note-102,0
Samsung/Google,Nexus S,2010/12,Android 2.3.7 (Gingerbread),Android 4.1.2 (Jelly Bean),https://en.wikipedia.org/wiki/List_of_Android_smartphones#cite_note-42,0
Samsung/Google,Galaxy Nexus,2011/11,Android 4.0 (Ice Cream Sandwich),Android 2.3 (Gingerbread),https://en.wikipedia.org/wiki/List_of_Android_smartphones#cite_note-43,0
Samsung,Galaxy,2009/04,Android 1.5 (Cupcake),Android 1.5 (Cupcake),https://en.wikipedia.org/wiki/List_of_Android_smartphones#cite_note-83,0
Samsung,Galaxy S,2010/06,Android 2.1 (Eclair),Android 2.1 (Eclair),https://en.wikipedia.org/wiki/List_of_Android_smartphones#cite_note-84,0
Samsung,Galaxy S2,2011/04,Android 2.3.4 (Gingerbread),4.1 (Jelly Bean),https://en.wikipedia.org/wiki/List_of_Android_smartphones#cite_note-85,0
Samsung,Galaxy S3,2012/05,Android 4.0 (Ice Cream Sandwich),4.3 (Jelly Bean),https://en.wikipedia.org/wiki/List_of_Android_smartphones#cite_note-86,0
Samsung,Galaxy S4,2013/04,Android 4.3.1 (Jelly Bean),5.0.1 (Lollipop),https://en.wikipedia.org/wiki/List_of_Android_smartphones#cite_note-87,0
Samsung,Galaxy S5,2014/04,Android 4.4 (KitKat),6.0 (Marshmallow),https://en.wikipedia.org/wiki/List_of_Android_smartphones#cite_note-88,0
Samsung,Galaxy S6,2015/04,Android 5.0 (Lollipop),Android 8.0 (Oreo),https://en.wikipedia.org/wiki/List_of_Android_smartphones#cite_note-89,0
Samsung,Galaxy S6 Edge,2015/04,Android 5.0 (Lollipop),7.0 (Nougat),https://en.wikipedia.org/wiki/List_of_Android_smartphones#cite_note-90,0
Samsung,Galaxy S6 Edge+,2015/08,Android 5.0 (Lollipop),7.0 (Nougat),https://en.wikipedia.org/wiki/List_of_Android_smartphones#cite_note-91,0
Samsung,Galaxy S7,2016/03,Android 6.0 (Marshmallow),Android 8.0 (Oreo),https://en.wikipedia.org/wiki/List_of_Android_smartphones#cite_note-92,0
Samsung,Galaxy S7 Edge,2016/03,Android 6.0 (Marshmallow),Android 8.0 (Oreo),https://en.wikipedia.org/wiki/List_of_Android_smartphones#cite_note-93,0
Samsung,Galaxy S8,2017/04,Android 7.0 (Nougat),Android 9.0 (Pie),https://en.wikipedia.org/wiki/List_of_Android_smartphones#cite_note-94,0
Samsung,Galaxy S8+,2017/04,Android 7.0 (Nougat),Android 8.0 (Oreo),https://en.wikipedia.org/wiki/List_of_Android_smartphones#cite_note-95,0
Samsung,Galaxy Note8,2017/08,Android 7.0 (Nougat),Android 9.0 (Pie),https://en.wikipedia.org/wiki/List_of_Android_smartphones#cite_note-96,0
Panasonic,Panasonic P100,2018/02,Android 7.0 (Nougat),Android 7.0 (Nougat),https://en.wikipedia.org/wiki/List_of_Android_smartphones#cite_note-82,0
OnePlus,OnePlus One,2014/04,Android 4.4 (KitKat),6.0.1 (Marshmallow),https://en.wikipedia.org/wiki/List_of_Android_smartphones#cite_note-73,0
OnePlus,OnePlus 2,2015/07,Android 5.0 (Lollipop),6.0.1 (Marshmallow),https://en.wikipedia.org/wiki/List_of_Android_smartphones#cite_note-74,0
OnePlus,OnePlus X,2015/10,Android 5.0 (Lollipop),6.0.1 (Marshmallow),https://en.wikipedia.org/wiki/List_of_Android_smartphones#cite_note-75,0
OnePlus,OnePlus 3,2016/06,Android 6.0 (Marshmallow),Android 8.0 (Oreo),https://en.wikipedia.org/wiki/List_of_Android_smartphones#cite_note-76,0
OnePlus,OnePlus 3T,2016/11,Android 6.0 (Marshmallow),Android 8.0 (Oreo),https://en.wikipedia.org/wiki/List_of_Android_smartphones#cite_note-77,0
OnePlus,OnePlus 5,2017/06,Android 7.0 (Nougat),Android 9.0 (Pie),https://en.wikipedia.org/wiki/List_of_Android_smartphones#cite_note-78,0
OnePlus,OnePlus 5T,2017/11,Android 7.0 (Nougat),Android 9.0 (Pie),https://en.wikipedia.org/wiki/List_of_Android_smartphones#cite_note-79,0
OnePlus,OnePlus 6,2018/04,Android 8.0 (Oreo),Android 9.0 (Pie),https://en.wikipedia.org/wiki/List_of_Android_smartphones#cite_note-80,0
OnePlus,OnePlus 6T,2018/11,Android 9.0 (Pie),Android 9.0 (Pie),https://en.wikipedia.org/wiki/List_of_Android_smartphones#cite_note-81,0
Nokia,Nokia X,2014/02,Android 4.3.1 (Jelly Bean),Android 4.1.2 (Jelly Bean),https://en.wikipedia.org/wiki/List_of_Android_smartphones#cite_note-49,0
Nextbit,Nextbit Robin,2016/02,Android 5.0 (Lollipop),Android 7.1.1 (Nougat),https://en.wikipedia.org/wiki/List_of_Android_smartphones#cite_note-40,0
Motorola/Google,Nexus 6,2014/11,Android 5.0 (Lollipop),Android 7.1.1 (Nougat),https://en.wikipedia.org/wiki/List_of_Android_smartphones#cite_note-46,0
Motorola,Moto C,2017/05,Android 7.0 (Nougat),Android 7.0 (Nougat),https://en.wikipedia.org/wiki/List_of_Android_smartphones#cite_note-19,0
Motorola,Moto E3,2016/07,Android 6.0 (Marshmallow),Android 6.0 (Marshmallow),https://en.wikipedia.org/wiki/List_of_Android_smartphones#cite_note-20,0
Motorola,Moto E4,2017/06,Android 7.0 (Nougat),Android 7.1.1 (Nougat),https://en.wikipedia.org/wiki/List_of_Android_smartphones#cite_note-21,0
Motorola,Moto E5,2018/05,Android 8.0 (Oreo),Android 8.0 (Oreo),https://en.wikipedia.org/wiki/List_of_Android_smartphones#cite_note-22,0
Motorola,Moto E (1st generation),2014/05,Android 4.4 (KitKat),Android 5.1 (Lollipop),https://en.wikipedia.org/wiki/List_of_Android_smartphones#cite_note-23,0
Motorola,Moto E (2nd generation),2015/02,Android 5.0 (Lollipop),Android 6.0 (Marshmallow),https://en.wikipedia.org/wiki/List_of_Android_smartphones#cite_note-24,0
Motorola,Moto G4,2016/05,Android 6.0 (Marshmallow),Android 7.0 (Nougat),https://en.wikipedia.org/wiki/List_of_Android_smartphones#cite_note-25,0
Motorola,Moto G5,2017/03,Android 7.0 (Nougat),Android 8.1 (Oreo),https://en.wikipedia.org/wiki/List_of_Android_smartphones#cite_note-26,0
Motorola,Moto G6,2018/05,Android 8.0 (Oreo),Android 9.0 (Pie),https://en.wikipedia.org/wiki/List_of_Android_smartphones#cite_note-27,0
Motorola,Moto G (1st generation),2013/11,Android 4.3.1 (Jelly Bean),Android 5.1.1 (Lollipop),https://en.wikipedia.org/wiki/List_of_Android_smartphones#cite_note-28,0
Motorola,Moto G (2nd generation),2014/09,Android 4.4 (KitKat),Android 6.0 (Marshmallow),https://en.wikipedia.org/wiki/List_of_Android_smartphones#cite_note-29,0
Motorola,Moto G (3rd generation),2015/07,Android 5.0 (Lollipop),Android 6.0 (Marshmallow),https://en.wikipedia.org/wiki/List_of_Android_smartphones#cite_note-30,0
Motorola,Moto X4,2017/09,Android 7.0 (Nougat),Android 9.0 (Pie),https://en.wikipedia.org/wiki/List_of_Android_smartphones#cite_note-31,0
Motorola,Moto X (1st generation),2013/08,Android 4.3.1 (Jelly Bean),Android 5.1 (Lollipop),https://en.wikipedia.org/wiki/List_of_Android_smartphones#cite_note-32,0
Motorola,Moto X (2nd generation),2014/09,Android 6.0 (Marshmallow),Android 6.0 (Marshmallow),https://en.wikipedia.org/wiki/List_of_Android_smartphones#cite_note-33,0
Motorola,Moto X Play,2015/07,Android 5.1.1 (Lollipop),Android 7.1.1 (Nougat),https://en.wikipedia.org/wiki/List_of_Android_smartphones#cite_note-34,0
Motorola,Moto X Style,2015/09,Android 5.1.1 (Lollipop),Android 7.0 (Nougat),https://en.wikipedia.org/wiki/List_of_Android_smartphones#cite_note-35,0
Motorola,Moto Z,2016/09,Android 6.0 (Marshmallow),Android 8.0 (Oreo),https://en.wikipedia.org/wiki/List_of_Android_smartphones#cite_note-36,0
Motorola,Moto Z Play,2016/09,Android 6.0 (Marshmallow),Android 8.0 (Oreo),https://en.wikipedia.org/wiki/List_of_Android_smartphones#cite_note-37,0
Motorola,Moto Z (2) Force,2017/08,Android 7.0 (Nougat),Android 9.0 (Pie),https://en.wikipedia.org/wiki/List_of_Android_smartphones#cite_note-38,0
Motorola,Moto Z (2) Play,2017/06,Android 7.0 (Nougat),Android 9.0 (Pie),https://en.wikipedia.org/wiki/List_of_Android_smartphones#cite_note-39,0
Microsoft Mobile,Nokia X2,2014/06,Android 4.3 (Jelly Bean),Android 4.3 (Jelly Bean),https://en.wikipedia.org/wiki/List_of_Android_smartphones#cite_note-50,0
LG/Google,Nexus 4,2012/11,Android 4.2 (Jelly Bean),Android 5.1 (Lollipop),https://en.wikipedia.org/wiki/List_of_Android_smartphones#cite_note-44,0
LG/Google,Nexus 5,2013/10,Android 4.0 (Ice Cream Sandwich),Android 6.0 (Marshmallow),https://en.wikipedia.org/wiki/List_of_Android_smartphones#cite_note-45,0
LG/Google,Nexus 5X,2015/09,Android 6.0 (Marshmallow),Android 8.0 (Oreo),https://en.wikipedia.org/wiki/List_of_Android_smartphones#cite_note-47,0
LG,G2,2013/09,Android 4.3.1 (Jelly Bean),Android 5.0.2 (Lollipop),https://en.wikipedia.org/wiki/List_of_Android_smartphones#cite_note-7,0
LG,G3,2014/05,Android 4.4 (KitKat),Android 6.0 (Marshmallow),https://en.wikipedia.org/wiki/List_of_Android_smartphones#cite_note-8,0
LG,G4,2015/04,Android 5.0 (Lollipop),Android 7.0 (Nougat),https://en.wikipedia.org/wiki/List_of_Android_smartphones#cite_note-9,0
LG,G5,2016/04,Android 6.0.1 (Marshmallow),Android 8.0 (Oreo),https://en.wikipedia.org/wiki/List_of_Android_smartphones#cite_note-10,0
LG,G6,2017/03,Android 7.0 (Nougat),Android 8.0 (Oreo),https://www.gsmarena.com/lg_g6-8466.php,0
LG,LG G7 ThinQ,2018/05,Android 8.0 (Oreo),Android 9.0 (Pie),https://en.wikipedia.org/wiki/List_of_Android_smartphones#cite_note-12,0
LG,LG Optimus G,2013/01,Android 4.0 (Ice Cream Sandwich),4.1.2 (Jelly Bean),https://en.wikipedia.org/wiki/List_of_Android_smartphones#cite_note-13,0
LG,V10,2015/10,Android 5.0 (Lollipop),Android 7.0 (Nougat),https://en.wikipedia.org/wiki/List_of_Android_smartphones#cite_note-14,0
LG,V20,2016/10,Android 7.0 (Nougat),Android 8.0 (Oreo),https://en.wikipedia.org/wiki/List_of_Android_smartphones#cite_note-15,0
LG,V30,2017/9,Android 7.1.2 (Nougat),Android 8.0 (Oreo),https://www.cnet.com/reviews/lg-v30-preview/,0
LG,V35 ThinQ,2018/06,Android 8.0 (Oreo),Android 9.0 (Pie),https://en.wikipedia.org/wiki/List_of_Android_smartphones#cite_note-17,0
LG,V40 ThinQ,2018/10,Android 8.1 (Oreo),Android 8.1 (Oreo),https://en.wikipedia.org/wiki/List_of_Android_smartphones#cite_note-18,0
Huawei/Google,Nexus 6P,2015/09,Android 6.0 (Marshmallow),Android 8.0 (Oreo),https://en.wikipedia.org/wiki/List_of_Android_smartphones#cite_note-48,0
Huawei,Huawei P10,2017/02,Android 7.0 (Nougat),Android 9.0 (Pie),https://en.wikipedia.org/wiki/List_of_Android_smartphones#cite_note-50,0
Huawei,Huawei P20,2018/03,Android 8.1 (Oreo),Android 9.0 (Pie),https://en.wikipedia.org/wiki/List_of_Android_smartphones#cite_note-6,0
HTC/Google,Nexus One,2010/01,Android 2.1 (Eclair),Android 2.3.6 (Gingerbread),https://en.wikipedia.org/wiki/List_of_Android_smartphones#cite_note-41,0
HTC,HTC Dream,2008/09,Android 1.6 (Donut),Android 1.6 (Donut),https://en.wikipedia.org/wiki/List_of_Android_smartphones#cite_note-2,0
HTC,HTC Magic,2009/05,Android 1.6 (Donut),Android 1.6 (Donut),https://en.wikipedia.org/wiki/List_of_Android_smartphones#cite_note-3,0
HTC,HTC Hero,2009/07,Android 1.5 (Cupcake),Android 1.5 (Cupcake),https://en.wikipedia.org/wiki/List_of_Android_smartphones#cite_note-4,0
HMD Global,Nokia 1,2018/04,Android 8.0 (Oreo),Android 8.1 (Oreo),https://en.wikipedia.org/wiki/List_of_Android_smartphones#cite_note-51,0
HMD Global,Nokia 1 Plus,2019/03,Android 9.0 (Pie),Android 9.0 (Pie),https://en.wikipedia.org/wiki/List_of_Android_smartphones#cite_note-52,0
HMD Global,Nokia 2,2017/11,Android 7.0 (Nougat),Android 8.1 (Oreo),https://en.wikipedia.org/wiki/List_of_Android_smartphones#cite_note-53,0
HMD Global,Nokia 2.1,2018/08,Android 8.0 (Oreo),Android 9.0 (Pie),https://en.wikipedia.org/wiki/List_of_Android_smartphones#cite_note-54,0
HMD Global,Nokia 3,2017/06,Android 7.0 (Nougat),Android 8.1 (Oreo),https://en.wikipedia.org/wiki/List_of_Android_smartphones#cite_note-55,0
HMD Global,Nokia 3.1,2018/05,Android 8.0 (Oreo),Android 9.0 (Pie),https://en.wikipedia.org/wiki/List_of_Android_smartphones#cite_note-56,1
HMD Global,Nokia 3.1 Plus,2018/10,Android 8.0 (Oreo),Android 9.0 (Pie),https://en.wikipedia.org/wiki/List_of_Android_smartphones#cite_note-57,0
HMD Global,Nokia 3.2,2019/05,Android 9.0 (Pie),Android 9.0 (Pie),https://en.wikipedia.org/wiki/List_of_Android_smartphones#cite_note-58,1
HMD Global,Nokia 4.2,2019/04,Android 9.0 (Pie),Android 9.0 (Pie),https://en.wikipedia.org/wiki/List_of_Android_smartphones#cite_note-59,1
HMD Global,Nokia 5,2017/07,Android 7.0 (Nougat),Android 9.0 (Pie),https://en.wikipedia.org/wiki/List_of_Android_smartphones#cite_note-60,0
HMD Global,Nokia 5.1,2018/08,Android 8.0 (Oreo),Android 9.0 (Pie),https://en.wikipedia.org/wiki/List_of_Android_smartphones#cite_note-61,1
HMD Global,Nokia 5.1 Plus,2018/07,Android 8.0 (Oreo),Android 9.0 (Pie),https://en.wikipedia.org/wiki/List_of_Android_smartphones#cite_note-62,0
HMD Global,Nokia 6,2017/01,Android 7.0 (Nougat),Android 9.0 (Pie),https://en.wikipedia.org/wiki/List_of_Android_smartphones#cite_note-63,0
HMD Global,Nokia 6.1,2018/04,Android 8.0 (Oreo),Android 9.0 (Pie),https://en.wikipedia.org/wiki/List_of_Android_smartphones#cite_note-64,0
HMD Global,Nokia 6.1 Plus,2018/08,Android 8.0 (Oreo),Android 9.0 (Pie),https://en.wikipedia.org/wiki/List_of_Android_smartphones#cite_note-65,0
HMD Global,Nokia 7,2017/10,Android 7.0 (Nougat),Android 9.0 (Pie),https://en.wikipedia.org/wiki/List_of_Android_smartphones#cite_note-66,0
HMD Global,Nokia 7 Plus,2018/03,Android 8.0 (Oreo),Android 9.0 (Pie),https://en.wikipedia.org/wiki/List_of_Android_smartphones#cite_note-67,0
HMD Global,Nokia 7.1,2018/10,Android 8.0 (Oreo),Android 9.0 (Pie),https://en.wikipedia.org/wiki/List_of_Android_smartphones#cite_note-68,1
HMD Global,Nokia 8,2017/10,Android 7.0 (Nougat),Android 9.0 (Pie),https://en.wikipedia.org/wiki/List_of_Android_smartphones#cite_note-69,0
HMD Global,Nokia 8 Sirocco,2018/04,Android 8.0 (Oreo),Android 9.0 (Pie),https://en.wikipedia.org/wiki/List_of_Android_smartphones#cite_note-70,0
HMD Global,Nokia 8.1,2018/12,Android 9.0 (Pie),Android 9.0 (Pie),https://en.wikipedia.org/wiki/List_of_Android_smartphones#cite_note-71,1
HMD Global,Nokia 9 PureView,2019/02,Android 9.0 (Pie),Android 9.0 (Pie),https://en.wikipedia.org/wiki/List_of_Android_smartphones#cite_note-72,0
Essential Products,Essential PH-1,2017/08,Android 7.0 (Nougat),Android 9.0 (Pie),https://en.wikipedia.org/wiki/List_of_Android_smartphones#cite_note-1,0
HMD Global,Nokia 9 PureView,2019/02,Android 9.0 (Pie),Android 9.0 (Pie),https://www.gsmarena.com/nokia_9_pureview-8867.php,1
Motorola,Moto One,2018/10,Android 8.1 (Oreo),Android 9.0 (Pie),https://www.gsmarena.com/motorola_one_(p30_play)-9310.php,1
Motorola,One Power,2018/10,Android 8.1 (Oreo),Android 9.0 (Pie),https://www.gsmarena.com/motorola_one_power_(p30_note)-9221.php,1
General Mobile,GM9 Pro,2019/01,Android 8.1 (Oreo),Android 8.1 (Oreo),https://www.gizmochina.com/product/general-mobile-gm-9-pro/,1
Xiaomi,Mi A2,2018/07,Android 8.1 (Oreo),Android 9.0 (Pie),https://www.gsmarena.com/xiaomi_mi_a2_(mi_6x)-9140.php,1
Xiaomi,Mi A2 Lite,2018/07,Android 8.1 (Oreo),Android 9.0 (Pie),https://www.gsmarena.com/xiaomi_mi_a2_lite_(redmi_6_pro)-9247.php,1
Infinix,Note 5,2018/08,Android 8.1 (Oreo),Android 8.1 (Oreo),https://www.gsmarena.com/infinix_note_5-9417.php,1
BQ,Aquaris X2,2018/06,Android 8.1 (Oreo),Android 8.1 (Oreo),https://www.gsmarena.com/bq_aquaris_x2-9198.php,1
BQ,Aquaris X2 Pro,2018/05,Android 8.1 (Oreo),Android 8.1 (Oreo),https://www.gsmarena.com/bq_aquaris_x2_pro-9197.php,1
Nokia,8 Sirocco,2018/04,Android 8.0 (Oreo),Android 9.0 (Pie),https://www.gsmarena.com/nokia_8_sirocco-9087.php,1
Nokia,7 plus,2018/03,Android 8.1 (Oreo),Android 9.0 (Pie),https://www.gsmarena.com/nokia_7_plus-9058.php,1
Samsung,Galaxy Note10,2019/08,Android 9.0 (Pie),Android 9.0 (Pie),https://www.gsmarena.com/samsung_galaxy_note10-9788.php,0
Samsung,Galaxy Note10+,2019/08,Android 9.0 (Pie),Android 9.0 (Pie),https://www.gsmarena.com/samsung_galaxy_note10+-9732.php,0
Samsung,Galaxy A6,2018/05,Android 8.0 (Oreo),Android 8.0 (Oreo),https://www.gsmarena.com/samsung_galaxy_a6_(2018)-9155.php,0
Samsung,Galaxy Avant,2014/06,Android 4.4.2 (KitKat),Android 4.4.2 (KitKat),https://www.gsmarena.com/samsung_galaxy_avant-6542.php,0
Samsung,Galaxy Core Prime,2014/11,Android 4.4.4 (KitKat),Android 5.1.1 (Lollipop),https://www.gsmarena.com/samsung_galaxy_core_prime-6716.php,0
Samsung,Galaxy Grand Prime,2014/10,Android 4.4.4 (KitKat),Android 5.1.1 (Lollipop),https://www.gsmarena.com/samsung_galaxy_grand_prime-6708.php,0
Samsung,Galaxy J3 (2018),2018/06,Android 8.0 (Oreo),Android 8.0 (Oreo),https://www.gsmarena.com/samsung_galaxy_j3_(2018)-8928.php,0
Samsung,Galaxy J7 Prime,2016/09,Android 6.0.1 (Marshmallow),Android 9.0 (Pie),https://www.gsmarena.com/samsung_galaxy_j7_prime-8314.php,0
Samsung,Galaxy J7 (2018),2018/07,Android 8.0 (Oreo),Android 9.0 (Pie),https://www.gsmarena.com/samsung_galaxy_j7_(2018)-9234.php,0
HTC,Desire 626s,2015/07,Android 5.1.1 (Lollipop),Android 6.0.1 (Marshmallow),https://www.gsmarena.com/htc_desire_626s-7418.php,0
Samsung,Galaxy J3 Prime,2017/04,Android (7.0 Nougat),Android (7.0 Nougat),https://www.phonearena.com/phones/Samsung-Galaxy-J3-Prime_id10506,0
Samsung,Galaxy J7,2015/07,Android 5.1 (Lollipop),Android 7.1.1 (Nougat),https://www.gsmarena.com/samsung_galaxy_j7-7185.php,0
Samsung,Galaxy Note Edge,2014/09,Android 4.4.4 (KitKat), Android 6.0 (Marshmallow),https://www.gsmarena.com/samsung_galaxy_note_edge-6631.php,0
Samsung,Galaxy Note3,2013/09,Android 4.3 (Jelly Bean),Android 5.0 (Lollipop),https://www.gsmarena.com/samsung_galaxy_note_3-5665.php,0
Samsung,Galaxy Note4,2014/10,Android 4.4.4 (KitKat), Android 6.0.1 (Marshmallow),https://www.gsmarena.com/samsung_galaxy_note_4-6434.php,0
Samsung,Galaxy Note9,2018/08,Android 8.1 (Oreo),Android 9.0 (Pie),https://www.gsmarena.com/samsung_galaxy_note9-9163.php,0
Samsung,Galaxy On5,2015/11,Android 5.1 (Lollipop),Android 6.0 (Marshmallow),https://www.gsmarena.com/samsung_galaxy_on5-7648.php,0
Samsung,Galaxy Note5,2015/08,Android 5.1.1 (Lollipop), Android 7.0 (Nougat),https://www.gsmarena.com/samsung_galaxy_note5-7431.php,0
Samsung,Galaxy S8 Active,2017/08,Android 7.0 (Nougat),Android 9.0 (Pie),https://www.gsmarena.com/samsung_galaxy_s8_active-8676.php,0
Samsung,"Galaxy Tab A (2018, 10.5)",2018/09,Android 8.1 (Oreo),Android 8.1 (Oreo),https://www.gsmarena.com/samsung_galaxy_tab_a_8_0_(2018)-9665.php,0
Samsung,Galaxy Tab E 8.0,2016/01,Android 5.1.1 (Lollipop), Android 7.1 (Nougat),https://www.gsmarena.com/samsung_galaxy_tab_e_8_0-7879.php,0
Samsung,Galaxy Tab S4,2018/08,Android 8.1 (Oreo),Android 9.0 (Pie),https://www.gsmarena.com/samsung_galaxy_tab_s4_10_5-9262.php,0
Samsung,Galaxy Tab3 7.0,2014/02,Android 4.2 (Jelly Bean),Android 4.2 (Jelly Bean),https://www.gsmarena.com/samsung_galaxy_tab_3_lite_7_0-5969.php,0
Samsung,Galaxy Tab4,2017/04,Android 4.4.2 (KitKat),Android 4.4.2 (KitKat),https://www.gsmarena.com/samsung_galaxy_tab_4_7_0-6251.php,0
LG,K10,2016/01,Android 5.1.1 (Lollipop), Android 6.0 (Marshmallow),https://www.gsmarena.com/lg_k10-7849.php,0
LG,K30,2018/05,Android 7.1 (Nougat),Android 7.1 (Nougat),https://www.gsmarena.com/lg_k30-9190.php,0
LG,K7,2016/02,Android 5.1 (Lollipop),Android 5.1 (Lollipop),https://www.gsmarena.com/lg_k7-7848.php,0
LG,LG G Pad X 8.0,2016/06,Android 6.0.1 (Marshmallow),Android 6.0.1 (Marshmallow),https://www.gsmarena.com/lg_g_pad_x_8_0-8081.php,0
LG,K20 Plus,2016/12,Android 7.0 (Nougat),Android 7.0 (Nougat),https://www.gsmarena.com/lg_k20_plus-8678.php,0
LG,LG Q7+,2018/06,Android 8.0 (Oreo),Android 8.0 (Oreo),https://gadgets.ndtv.com/lg-q7-5466,0
LG,LG Stylo 2 Plus,2016/05,Android 6.0 (Marshmallow),Android 7.0 (Nougat),https://www.gsmarena.com/lg_stylus_2_plus-8079.php,0
LG,LG Stylo 3 Plus,2017/05,Android 7.0 (Nougat),Android 7.0 (Nougat),https://www.gsmarena.com/lg_stylo_3_plus-8694.php,0
LG,LG Stylo 4,2018/06,Android 8.1 (Oreo),Android 8.1 (Oreo),https://www.gsmarena.com/lg_q_stylo_4-9251.php,0
HTC,Nexus 9,2014/11,Android 5.0 (Lollipop),Android 7.1.1 (Nougat),https://www.gsmarena.com/htc_nexus_9-5823.php,0
HTC,One M9,2015/03,Android 5.0 (Lollipop),Android 7.0 (Nougat),https://www.gsmarena.com/htc_one_m9-6891.php,0
OnePlus,OnePlus 7 Pro,2019/05,Android 9.0 (Pie),Android 9.0 (Pie),https://www.gsmarena.com/oneplus_7_pro-9689.php,0
OnePlus,OnePlus6T,2018/10,Android 9.0 (Pie),Android 9.0 (Pie),https://www.gsmarena.com/oneplus_6t-9350.php,0
BlackBerry,PRIV by BlackBerry,2015/10,Android 5.1.1 (Lollipop),Android 6.0.1 (Marshmallow),https://www.gsmarena.com/blackberry_priv-7587.php,0
Google,Pixel 3a,2019/05,Android 9.0 (Pie),Android 10,https://www.gsmarena.com/google_pixel_3a-9408.php,0
Google,Pixel 3a XL,2019/05,Android 9.0 (Pie),Android 10,https://www.gsmarena.com/google_pixel_3a_xl-9690.php,0
LG,V30+,2017/08,Android 7.1.2 (Nougat),Android 7.1.2 (Nougat),https://gadgets.ndtv.com/lg-v30-4358,0
Kyocera,DuraForce XD,2015/11,Android 5.1 (Lollipop),Android 5.1 (Lollipop),https://www.gsmarena.com/kyocera_duraforce_xd-7699.php,0
Motorola,moto e5 play,2018/07,Android 8.0 (Oreo),Android 8.0 (Oreo),https://www.gsmarena.com/motorola_moto_e5_play-9175.php,0
Motorola,moto g6 play,2018/05,Android 8.0 (Oreo),Android 9.0 (Pie),https://www.gsmarena.com/motorola_moto_g6_play-9002.php,0
Google,Pixel,2016/10,Android 7.1 (Nougat),Android 10,https://www.gsmarena.com/google_pixel-8346.php,0
Google,Pixel XL,2016/10,Android 7.1 (Nougat),Android 10,https://www.gsmarena.com/google_pixel_xl-8345.php,0
Alcatel,ONE TOUCH Fierce,2013/10,Android 4.2 (Jelly Bean),Android 4.2 (Jelly Bean),https://www.gsmarena.com/alcatel_fierce-5741.php,0
BlackBerry,BlackBerry KEYone,2017/04,Android 7.1 (Nougat),Android 8.0 (Oreo),https://www.gsmarena.com/blackberry_keyone-8508.php,0
Samsung,Galaxy Go Prime,2014/10,Android 4.4.4 (KitKat),Android 5.1.1 (Lollipop),https://www.gsmarena.com/samsung_galaxy_grand_prime-6708.php,0
Samsung,Galaxy J7 V,2017/03,Android 7.0.1 (Nougat),Android 7.0.1 (Nougat),https://www.gsmarena.com/samsung_galaxy_j7_v-8778.php,0
LG,LG Aristo,2017/01,Android 7.0 (Nougat),Android 7.0 (Nougat),https://pc-tablet.com/lg-aristo-price-specs-features-and-release-date-in-the-us/,0
LG,LG K4 (2017),2017/03,Android 6.0.1 (Marshmallow),Android 6.0.1 (Marshmallow),https://www.gsmarena.com/lg_k4_(2017)-8489.php,0
LG,LG K8,2016/04,Android 6.0 (Marshmallow),Android 7.0 (Nougat),https://www.gsmarena.com/lg_k8-7927.php,0
LG,LG K30,2018/05,Android 7.1 (Nougat),Android 7.1 (Nougat),https://www.gsmarena.com/lg_k30-9190.php,0
Samsung,Galaxy S5 Active,2014/05,Android 4.4.2 (KitKat),Android 6.0.1 (Marshmallow),https://www.gsmarena.com/samsung_galaxy_s5_active-6356.php,0
Motorola,moto e5 plus,2018/05,Android 8.0 (Oreo),Android 8.0 (Oreo),https://www.gsmarena.com/motorola_moto_e5_plus-9095.php,0
Samsung,Galaxy J3 Emerge,2017/01,Android 6.0.1 (Marshmallow),Android 6.0.1 (Marshmallow),https://www.gsmarena.com/samsung_galaxy_j3_emerge-8486.php,0
Motorola,moto e4 plus,2017/06,Android 7.1.1 (Nougat),Android 7.1.1 (Nougat),https://www.gsmarena.com/motorola_moto_e4_plus-8722.php,0
LG,LG Stylo 3,2017/03,Android 7.0 (Nougat),Android 7.0 (Nougat),https://www.gsmarena.com/lg_stylus_3-8492.php,0
Motorola,Motorola One Action,2019/09,Android 9.0 (Pie),Android 9.0 (Pie),https://www.gsmarena.com/motorola_one_action-9739.php,1
Nokia,Nokia 7.2,2019/09,Android 9.0 (Pie),Android 9.0 (Pie),https://www.gsmarena.com/nokia_7_2-9833.php,1
Xiaomi,Xiaomi Mi A3,2019/07,Android 9.0 (Pie),Android 9.0 (Pie),https://www.gsmarena.com/xiaomi_mi_a3-9769.php,1
Motorola,Motorola One Vision,2019/05,Android 9.0 (Pie),Android 9.0 (Pie),https://www.gsmarena.com/motorola_one_vision-9647.php,1
Samsung,Galaxy S7 active,2016/06,Android 6.0 (Marshmallow),7.0 (Nougat),,0
Samsung,Galaxy S6 active,2015/06,Android 5.0.2 (Lollipop),6.0.1 (Marshmallow),,0
BlackBerry,Priv,2015/10,Android 5.1.1 (Lollipop),6.0.1 (Marshmallow),,0
LG,G Stylo,2015/05,Android 5.0 (Lollipop),6.0 (Marshmallow),https://www.gsmarena.com/lg_g_stylo-7245.php,0
ZTE,Maven,2015/06,Android 5.1 (Lollipop),Android 5.1 (Lollipop),,0
ZTE,Maven 2,2017/07,6.0.1 (Marshmallow),6.0.1 (Marshmallow),,0
Samsung,Galaxy J3 (2017),2017/06,Android 7.0 (Nougat),Android 9.0 (Pie),,0
LG,Phoenix 2,2016/04,Android 6.0 (Marshmallow),Android 7.0 (Nougat),https://www.gsmarena.com/lg_k8-7927.php,0
Samsung,Galaxy J7 Perx,2017/03,Android 7.0.1 (Nougat),Android 7.0.1 (Nougat),https://www.gsmarena.com/samsung_galaxy_j7_v-8778.php,0
Samsung,Galaxy Express prime,2016/04,Android 6.0 (Marshmallow),Android 6.0 (Marshmallow),https://www.gsmarena.com/samsung_galaxy_express_prime-8022.php,0
Samsung,Galaxy Express 3,2016/01,Android 5.1.1 (Lollipop),Android 5.1.1 (Lollipop),https://www.gsmarena.com/samsung_galaxy_j1_(2016)-7864.php,0
LG,Phoenix 3,2016/12,Android 6.0.1 (Marshmallow),Android 6.0.1 (Marshmallow),https://www.gsmarena.com/lg_k4_(2017)-8489.php,0
Samsung,Galaxy J3 (2016),2015/11,Android 5.1.1 (Lollipop), 7.1.1 (Nougat),https://www.gsmarena.com/samsung_galaxy_j3_(2016)-7760.php,0
LG,K20(2019),2019/08,Android 9.0 (Pie),Android 9.0 (Pie),https://www.gsmarena.com/lg_k20_(2019)-9828.php,0
Samsung,Galaxy Tab S2,2015/07,N/A,N/A,https://www.gsmarena.com/samsung_galaxy_tab_s2_8_0-7439.php,0
Motorola,Moto X,2013/08,Android 4.3.1 (Jelly Bean),Android 5.1 (Lollipop),https://www.gsmarena.com/motorola_moto_x-5601.php,0
LG,Stylo 4,2018/06,N/A,N/A,https://www.gsmarena.com/lg_q_stylo_4-9251.php,0
HTC,10,2016/04,N/A,N/A,https://www.gsmarena.com/htc_10-7884.php,0
LG,G Pad X 8.0,2016/06,N/A,N/A,https://www.gsmarena.com/lg_g_pad_x_8_0-8081.php,0
Samsung,Galaxy Tab S,2014/06,N/A,N/A,https://www.gsmarena.com/samsung_galaxy_tab_s_8_4-6439.php,0
Asus,Google Nexus 7 (2013),2013/07,N/A,N/A,https://www.gsmarena.com/asus_google_nexus_7_(2013)-5600.php,0
LG,LG Aristo 2 PLUS,2018/06,N/A,N/A,https://www.androidpolice.com/2018/06/11/t-mobiles-lg-aristo-2-plus-launching-june-15th-android-7-1-nougat/,0
LG,LG Phoenix 4,2018/09,N/A,N/A,https://www.gizmochina.com/product/lg-phoenix-4/,0
LG,Leon,2015/02,N/A,N/A,https://www.gsmarena.com/lg_leon-7053.php,0
HTC,HTC One,2013/03,N/A,N/A,https://www.gsmarena.com/htc_one-5313.php,0
Samsung,Galaxy Note 10.1 (2014),2013/09,N/A,N/A,https://www.gsmarena.com/lg_q7-9206.php#q7-plus,0
LG,ZONE 4,2018/03,N/A,N/A,https://www.gsmarena.com/lg_zone_4-9122.php,0
Samsung,Galaxy Light,2013/10,N/A,N/A,https://www.gsmarena.com/samsung_galaxy_light-5786.php,0
Samsung,Galaxy Tab 4,2014/05,N/A,N/A,https://www.gsmarena.com/samsung_galaxy_tab_4_7_0-6251.php,0
Samsung,Galaxy Tab A 8.0 (2018),2018/09,N/A,N/A,https://www.gsmarena.com/samsung_galaxy_tab_a_8_0_(2018)-9665.php,0
LG,X charge,2017/06,N/A,N/A,https://www.gsmarena.com/lg_x_power2-8584.php,0
ZTE,ZMAX,2014/09,N/A,N/A,https://www.gsmarena.com/zte_zmax-6697.php,0
Asus,ZenFone AR,2017/06,N/A,N/A,https://www.gsmarena.com/asus_zenfone_ar_zs571kl-8502.php,0
Kyocera,DuraForce Pro,2016/8,N/A,N/A,https://www.phonearena.com/news/Tough-Kyocera-DuraForce-PRO-launches-on-AT-T-this-week-action-camera-in-tow_id84646,0
Huawei,Huawei Ascend XT,2016/10,N/A,N/A,https://www.pdevice.com/product/huawei-ascend-xt-specs,0
Sony,Sony Xperia Z1S,2014/01,N/A,N/A,https://www.gsmarena.com/sony_xperia_z1s-5950.php,0
Samsung,Galaxy J7 (2nd Gen.),2018/07,,,https://www.gizmochina.com/product/samsung-galaxy-j7-v-2nd-gen/,0
Samsung,Galaxy J3 (3rd Gen.),2018/06,,,https://www.gsmarena.com/samsung_galaxy_j3_(2018)-8928.php,0
Nokia,Nokia 2 V,2018/08,,,https://www.gsmarena.com/nokia_2_1-9216.php,0
Motorola,Moto e4 gold,2017/06,,,https://www.gsmarena.com/motorola_moto_e4-8721.php,0
Motorola,Moto e5 go,2018/08,,,https://www.gsmarena.com/motorola_moto_e5_play_go-9270.php,0
Motorola,Moto z3,2018/08,,,https://www.gsmarena.com/motorola_moto_z3-9283.php,0
Alcatel,Alcatel OneTouch IDEAL,2016/09,,,http://phonedb.net/index.php?m=device&id=10747&c=alcatel_one_touch_ideal_lte_na_4060a,0
Alcatel,Alcatel IdealXCITE,2017/06,,,https://www.pdevice.com/product/alcatel-idealxcite-price-specs,0
Alcatel,Alcatel CAMEOX,2017/10,,,https://www.pdevice.com/product/alcatel-cameox-price-specs,0
T-Mobile,REVVL 2 PLUS,2018/11,,,https://www.t-mobile.com/news/new-t-mobile-revvl2,0
Palm,Palm,2018/11,,,https://www.gsmarena.com/palm_palm-9290.php,0
Samsung,Galaxy Tab E (8.0 - Refresh),2015/07,,,https://www.gsmarena.com/samsung_galaxy_tab_e_9_6-7295.php,0
Google,Pixel 4 XL,2019/10,,,https://www.gsmarena.com/google_pixel_4_xl-9895.php,0
Kyocera,DuraForce PRO 2,2018/11,,,https://www.gsmarena.com/kyocera_duraforce_pro_2-9407.php,0
T-Mobile,REVVL 2,2018/11,,,https://www.t-mobile.com/news/new-t-mobile-revvl2,0
LG,V50 ThinQ 5G,2019/05,,,https://www.gsmarena.com/lg_v50_thinq_5g-9607.php,0
Samsung,Galaxy Tab S6,2019/08,,,https://www.gsmarena.com/samsung_galaxy_tab_s6-9781.php,0
LG,Tribute Dynasty,2018/01,,,https://www.phonearena.com/phones/LG-Tribute-Dynasty_id10783,0
ZTE,ZTE Axon M,2017/11,,,https://www.gsmarena.com/zte_axon_m-8902.php,0
Samsung,Galaxy A10e,2019/08,,,https://www.gsmarena.com/samsung_galaxy_a10e-9790.php,0
Samsung,Galaxy J3 Mission,2018/07,,,https://www.reviewcellular.com/samsung-reviews/verizon/phones/samsung-galaxy-j3-mission,0
LG,LG Stylo 4+,2018/06,,,https://www.gsmarena.com/lg_q_stylo_4-9251.php,0
ZTE,ZMAX Pro,2016/07,,,https://www.gsmarena.com/zte_zmax_pro-8096.php,0
Google,Pixel 4,2019/10,,,https://www.gsmarena.com/google_pixel_4-9896.php,0
ZTE,Zinger,2014/10,,,https://www.gsmarena.com/zte_zinger-7156.php,0
Samsung,Galaxy Express Prime 3,2016/01,,,https://www.gsmarena.com/samsung_galaxy_j1_(2016)-7864.php,0
LG,LG Stylo 5,2019/06,,,https://www.gsmarena.com/lg_stylo_5-9758.php,0
Samsung,Galaxy J3,2016/01,,,https://www.gsmarena.com/samsung_galaxy_j3_(2016)-7760.php,0
Samsung,Galaxy J3 Achieve,2018/06,,,https://community.sprint.com/t5/Buzz-About-Wireless/Introducing-the-Samsung-Galaxy-J3-Achieve-SM-J337P/ba-p/1008532,0
Samsung,Galaxy A50,2019/03,,,https://www.gsmarena.com/samsung_galaxy_a50-9554.php,0
Orbic,Wonder,2018/11,,,https://theinformr.com/cell-phones/orbic-wonder/,0
Samsung,Galaxy A20,2019/04,,,https://www.gsmarena.com/samsung_galaxy_a20-9640.php,0
RED,RED Hydrogen One,2018/11,,,https://www.gsmarena.com/_red_hydrogen_one-9396.php,0
LG,LG G Vista 2,2015/10,,,https://gadgets.ndtv.com/lg-g-vista-2-3059,0
OnePlus,7 Pro,2019/05,,,https://www.gsmarena.com/oneplus_7_pro-9689.php,0
Motorola,Moto z4,2019/06,,,https://www.gsmarena.com/motorola_moto_z4-9691.php,0
Motorola,Moto Z Play Droid Edition,2016/09,,,https://www.gsmarena.com/motorola_moto_z_play-8310.php,0
LG,LG Stylo 2 V,2016/04,,,https://www.gsmarena.com/lg_stylo_2-8085.php,0
Kyocera,DuraForce PRO with Sapphire Shield,2016/09,,,https://www.phonearena.com/news/Tough-Kyocera-DuraForce-PRO-launches-on-AT-T-this-week-action-camera-in-tow_id84646,0
Sonim,XP8,2018/05,,,https://www.gsmarena.com/sonim_xp8-9147.php,0
HTC,Desire 530,2016/03,,,https://www.gsmarena.com/htc_desire_530-7940.php,0
ZTE,Obsidian,2015/08,,,https://www.gsmarena.com/tmobile_unveils_zte_obsidian_out_on_august_13_for_9999-news-13421.php,0
ZTE,Blade Vantage,2017/10,,,https://www.phonearena.com/phones/ZTE-Blade-Vantage_id10691,0
ASUS,ZenFone V Live,2017/11,,,https://www.phonearena.com/phones/Asus-ZenFone-V-Live_id10742,0
Verizon,GizmoTab,2016/12,,,https://www.verizon.com/about/news/verizon-unveils-gizmotab--ultimate-learning-experience-kids,0
Verizon,Ellipsis 8 HD,2016/11,,,https://www.phonearena.com/phones/Verizon-Wireless-Ellipsis-8-HD_id10677,0
Alcatel,"3T 8""",2018/10,,,https://www.phonearena.com/phones/Alcatel-3T-8_id11022,0
Verizon,Ellipsis 10 HD,2015/11,,,https://www.digitaltrends.com/mobile/verizon-ellipsis-10-tablet-news/,0
T-Mobile,REVVL,2017/08,,,https://www.phonearena.com/phones/T-Mobile-REVVL_id10627,0
Alcatel,ONETOUCH Pixi 7,2014/07,,,https://www.gsmarena.com/alcatel_pixi_7-6164.php,0
Motorola,Moto Z Force Droid Edition,2016/09,,,https://www.gsmarena.com/motorola_moto_z_force-8093.php,0
LG,K20,2016/12,Android 7.0 (Nougat),Android 7.0 (Nougat),https://www.gsmarena.com/lg_k20_plus-8678.php,0
LG,K20 V,2017/03,,,https://www.phonearena.com/phones/LG-K20-V_id10476,0
HTC,One M8,2014/03,,,https://www.gsmarena.com/htc_one_(m8)-6074.php,0
Motorola,Moto Z Droid Edition,2016/09,,,https://www.gsmarena.com/motorola_moto_z-8094.php,0
Samsung,Galaxy Tab S3,2017/04,,,https://www.gsmarena.com/samsung_galaxy_tab_s3_9_7-8554.php,0
HTC,U 11,2017/06,,,https://www.gsmarena.com/htc_u11-8630.php,0
HTC,One A9,2015/11,,,https://www.gsmarena.com/htc_one_a9-7576.php,0
Kyocera,LTE,2017/09,,,https://www.phonearena.com/phones/Kyocera-DuraXV-LTE_id10714,0
Motorola,Moto X Pure Edition,2015/09,,,https://www.gsmarena.com/motorola_moto_x_style-7229.php,0
ASUS,ZenFone V,2017/09,,,https://www.gsmarena.com/asus_zenfone_v_v520kl-8866.php,0
LG,Exalt LTE,2017/06,,,https://www.phonearena.com/phones/LG-Exalt-LTE_id10579,0
ASUS,ZenPad Z10,2016/10,,,https://www.gsmarena.com/asus_zenpad_z10_zt500kl-8370.php,0
HTC,U11 life,2017/12,,,https://www.gsmarena.com/htc_u11_life-8885.php,0
ASUS,ZenPad Z8s,2017/08,,,https://www.gsmarena.com/asus_zenpad_z8s_zt582kl-8801.php,0
LG,Optimus L90,2014/03,,,https://www.phonearena.com/phones/LG-L90_id8416,0
Alcatel,Fierce XL,2015/11,,,https://www.gsmarena.com/alcatel_fierce_xl-7720.php,0
Alcatel,ONETOUCH Fierce 2,2014/09,,,https://www.gsmarena.com/alcatel_fierce_2-7154.php,0
LG,K4,2016/02,,,https://www.gsmarena.com/lg_k4-7883.php,0
CAT,S48C,2018/11,,,https://www.phonearena.com/phones/CAT-S48c_id11038,0
LG,Tribute HD,2016/10,,,https://www.phonearena.com/phones/LG-Tribute-HD_id10283,0
Coolpad,Illumina,2018/10,,,https://www.phonearena.com/phones/Coolpad-illumina_id11029,0
LG,K8 V,2016/06,,,https://www.phonearena.com/phones/LG-K8V_id10118,0
LG,X power,2016/09,,,https://www.gsmarena.com/lg_x_power-8133.php,0
Samsung,Galaxy Tab 3 7.0,2013/07,,,https://www.gsmarena.com/samsung_galaxy_tab_3_7_0-5422.php,0
Samsung,Galaxy Tab A 10.5,2018/08,,,https://www.gsmarena.com/samsung_galaxy_tab_a_10_5-9263.php,0
T-Mobile,REVVL PLUS,2017/11,,,https://www.phonearena.com/phones/T-Mobile-Revvl-Plus_id10741,0
Samsung,Galaxy J7 Refine,2018/07,,,https://www.gsmarena.com/samsung_galaxy_j7_(2018)-9234.php,0
Nokia,3 V,2019/08,,,https://www.phonearena.com/phones/Nokia-3-V_id11230,0
Samsung,Galaxy Note,2012/08,,,https://www.gsmarena.com/samsung_galaxy_note_t879-4952.php,0
ZTE,Avid Plus,2016/01,,,https://www.gsmarena.com/zte_avid_plus-7853.php,0
Motorola,Moto e6,2019/08,,,https://www.gsmarena.com/motorola_moto_e6-9682.php,0
Samsung,Galaxy Tab S5e,2019/04,,,https://www.gsmarena.com/samsung_galaxy_tab_s5e-9581.php,0
Samsung,Gear S2 classic 3G,2016/04,,,https://www.gsmarena.com/samsung_gear_s2_classic_3g-7934.php,0
HTC,Desire 526,2015/08,,,https://www.gsmarena.com/htc_desire_526-7419.php,0
HP,Slate 8 Tablet,2015/01,,,https://www.gsmarena.com/hp_pro_slate_8-6962.php,0
HP,Slate 10,2015/01,,,https://www.gsmarena.com/hp_pro_slate_10_ee_g1-6964.php,0
HTC,Desire 626,2015/03,,,https://www.gsmarena.com/htc_desire_626-6968.php,0
Samsung,Galaxy Tab E (8.0),2016/01,,,https://www.gsmarena.com/samsung_galaxy_tab_e_8_0-7879.php,0
HTC,One E8,2014/06,,,https://www.gsmarena.com/htc_one_(e8)-6397.php,0
Samsung,Galaxy Tab E (9.6),2015/07,,,https://www.gsmarena.com/samsung_galaxy_tab_e_9_6-7295.php,0
Huawei,Huawei Ascend XT2,2017/07,,,https://www.gsmarena.com/huawei_y7-8687.php,0
Kyocera,Cadence,2017/09,,,https://www.phonearena.com/phones/Kyocera-Cadence-LTE_id10675,0
Kyocera,Hydro Vibe,2014/05,,,https://www.phonearena.com/phones/Kyocera-Hydro-VIBE_id8641,0
Kyocera,Hydro Wave,2015/07,,,https://www.phonearena.com/phones/Kyocera-Hydro-Wave_id9541,0
Samsung,Galaxy Tab 4 (8.0),2014/06,,,https://www.gsmarena.com/samsung_galaxy_tab_4_8_0_lte-6240.php,0
Coolpad,Legacy Go,2019/05,,,https://www.gizmochina.com/product/coolpad-legacy-go/,0
BlackBerry,Z10,2013/01,,,https://www.gsmarena.com/blackberry_z10-5251.php,0
Coolpad,Catalyst,2016/06,,,https://www.phonearena.com/phones/Coolpad-Catalyst_id10115,0
Sonim,XP5s,2018/04,,,https://www.phonearena.com/phones/Sonim-XP5s_id10864,0
ZTE,Concord II,2014/05,,,https://www.phonearena.com/phones/T-Mobile-Concord-II_id8661,0
ZTE,Avid Trio,2016/11,,,https://www.phonearena.com/phones/ZTE-Avid-Trio_id10315,0
ASUS,ZenPad Z8,2016/06,,,https://www.phonearena.com/phones/Asus-ZenPad-Z8_id10134,0
Verizon,Ellipsis Kids,2014/11,,,https://www.phonearena.com/phones/Verizon-Wireless-Ellipsis-8_id9068,0
Verizon,Ellipsis 8,2014/11,,,https://www.phonearena.com/phones/Verizon-Wireless-Ellipsis-8_id9068,0
Verizon,Ellipsis 10,2015/11,,,https://www.phonearena.com/phones/Verizon-Wireless-Ellipsis-10_id9791,0
Alcatel,Alcatel TETRA,2018/09,,,https://www.phonearena.com/phones/Alcatel-Tetra_id10992,0
Alcatel,Avalon,2019/04,,,https://www.phonearena.com/phones/Alcatel-Avalon-V_id11167,0
Sony,Xperia Z3v,2014/10,,,https://www.gsmarena.com/sony_xperia_z3v-6796.php,0
Sony,Xperia Z3,2014/09,,,https://www.gsmarena.com/sony_xperia_z3-6539.php,0
Sony,Xperia Z2 Tablet,2014/07,,,https://en.wikipedia.org/wiki/Sony_Xperia_Z2_tablet,0
Sony,Sony Xperia Z1S,2014/01,,,https://www.gsmarena.com/sony_xperia_z1s-5950.php,0
Alcatel,ONETOUCH Pop 7,2014/01,,,https://www.phonearena.com/phones/Alcatel-OneTouch-POP-7_id8271,0
Alcatel,POP Astro,2015/04,,,https://www.phonearena.com/phones/Alcatel-OneTouch-POP-Astro_id9380,0
BlackBerry,Classic,2014/12,,,https://www.gsmarena.com/blackberry_classic-6458.php,0
BlackBerry,Z30,2013/10,,,https://www.gsmarena.com/blackberry_z30-5711.php,0
Kyocera,Brigadier,2014/07,,,https://www.gsmarena.com/kyocera_brigadier-6602.php,0
Motorola,Moto Z2 Force,2017/08,,,https://www.gsmarena.com/motorola_moto_z2_force-8693.php,0
Samsung,Galaxy Tab 4 (10.1),2014/06,,,https://www.gsmarena.com/samsung_galaxy_tab_4_10_1_lte-6239.php,0
Samsung,GS7 Special Edition,2016/03,,,https://www.gsmarena.com/samsung_galaxy_s7_(usa)-7960.php,0
LG,LG Prime 2,2019/9,,,https://theinformr.com/cell-phones/lg-prime-2/,0
LG,LG Stylo 2,2016/05,,,https://www.phonearena.com/phones/LG-Stylo-2_id10327,0
Samsung,Galaxy J1,2015/01,,,https://www.phonearena.com/phones/Samsung-Galaxy-J1_id9146,0
LG,LG Stylo 5+,2019/10,,,https://www.phonearena.com/phones/LG-Stylo-5+_id11279,0
LG,LG V30,2017/09,,,https://www.gsmarena.com/lg_v30-8712.php,0
LG,LG V35 ThinQ,2018/06,,,https://www.gsmarena.com/lg_v35_thinq-9191.php,0
LG,Lucid3,2014/04,,,https://www.gsmarena.com/lg_lucid_3_vs876-6326.php,0
LG,Optimus Zone 3,2016/01,,,https://www.phonearena.com/phones/LG-Optimus-Zone-3_id9890,0
Motorola,Moto X (2nd Gen.),2014/09,,,https://www.gsmarena.com/motorola_moto_x_(2nd_gen)-6649.php,0
Samsung,GS7 Edge Special Edition,2016/03,,,https://www.gsmarena.com/samsung_galaxy_s7_edge-7945.php,0
Razer,Razer Phone 2,2018/10,,,https://www.gsmarena.com/razer_phone_2-9363.php,0
LG,Watch Urbane 2nd Edition,2016/03,,,https://www.gsmarena.com/lg_watch_urbane_2nd_edition_lte-7607.php,0
Motorola,X Pure Edition,2015/07,,,https://www.gsmarena.com/motorola_moto_x_style-7229.php,0
Motorola,DROID MAXX 2,2015/10,,,https://www.gsmarena.com/motorola_droid_maxx_2-7712.php,0
Motorola,Droid Mini,2013/08,,,https://www.gsmarena.com/motorola_droid_mini-5603.php,0
Motorola,Droid Turbo,2014/10,,,https://www.gsmarena.com/motorola_droid_turbo-6727.php,0
Motorola,Droid Turbo 2,2015/10,,,https://www.gsmarena.com/motorola_droid_turbo_2-7713.php,0
Motorola,Moto E 4th Generation,2017/06,,,https://www.gsmarena.com/motorola_moto_e4_(usa)-8665.php,0
LG,LG G8,2019/04,,,https://www.gsmarena.com/lg_g8_thinq-9540.php,0
Samsung,Galaxy Note Pro,2014/02,,,https://www.gsmarena.com/samsung_galaxy_note_pro_12_2-6048.php,0
LG,LG G Pad 7,2014/07,,,https://www.gsmarena.com/lg_g_pad_7_0-6352.php,0
LG,LG Arena 2,2019/09,,,https://www.phonearena.com/phones/LG-Arena-2_id11264,0
LG,Aristo 4+,2019/09,,,https://www.phonearena.com/phones/LG-Aristo-4+_id11260,0
LG,Flex 2,2015/01,,,https://www.gsmarena.com/lg_g_flex2-6916.php,0
LG,G Flex,2013/10,,,https://www.gsmarena.com/lg_g_flex-5806.php,0
LG,G Pad 10.1,2014/5,,,https://www.gsmarena.com/lg_g_pad_10_1-6354.php,0
LG,G Pad 10.1 LTE,2014/7,,,https://www.gsmarena.com/lg_g_pad_10_1_lte-7289.php,0
LG,G Pad 7.0,2014/06,,,https://www.phonearena.com/phones/LG-G-Pad-7.0_id8649,0
LG,G Pad 7.0 LTE,2014/08,,,https://www.gsmarena.com/lg_g_pad_7_0_lte-6554.php,0
LG,G Pad 8.3,2013/10,,,https://www.gsmarena.com/lg_g_pad_8_3-5673.php,0
LG,G Pad 8.3 LTE,2014/3,,,https://www.gsmarena.com/lg_g_pad_8_3_lte-6173.php,0
LG,G Pad F 8.0,2015/06,,,https://www.phonearena.com/phones/LG-G-Pad-F-8.0_id9414,0
LG,G Pad F2 8.0,2017/10,,,https://www.phonearena.com/phones/LG-G-Pad-F2-8.0_id10740,0
LG,G Pad X8.3,2015/05,,,https://www.phonearena.com/phones/LG-G-Pad-X-8.3_id9429,0
LG,G Vista,2014/08,,,https://www.gsmarena.com/lg_g_vista-6569.php,0
Samsung,Galaxy S5 Sport,2014/06,,,https://www.gsmarena.com/samsung_galaxy_s5_sport-6460.php,0
Samsung,Galaxy S4 mini,2013/05,,,https://www.phonearena.com/phones/Samsung-Galaxy-S4-mini_id7788,0
LG,K40,2019/04,,,https://www.gsmarena.com/lg_k40-9587.php,0
Samsung,Galaxy S4 Active,2013/12,,,https://www.gsmarena.com/samsung_galaxy_s4_active_lte_a-5889.php,0
ASUS,ASUS PadFone X,2014/07,,,https://www.gsmarena.com/asus_padfone_x-6519.php,0
Motorola,Moto G4 Play,2016/08,,,https://www.gsmarena.com/motorola_moto_g4_play-8104.php,0
,,,,,,
,,,,,,
,,,,,,
,,,,,,